created_at,user_id,user_email,article_id,key,value
2024-12-08T05:36:38.045Z,736019,s10601053.md06@nycu.edu.tw,115518320,included,1
2024-12-08T05:36:46.756Z,736019,s10601053.md06@nycu.edu.tw,115518325,included,1
2024-12-08T05:41:09.298Z,736019,s10601053.md06@nycu.edu.tw,115518341,included,1
2024-12-08T05:41:17.013Z,736019,s10601053.md06@nycu.edu.tw,115518342,included,1
2024-12-08T05:50:44.566Z,736019,s10601053.md06@nycu.edu.tw,115518355,included,1
2024-12-08T05:57:46.092Z,736019,s10601053.md06@nycu.edu.tw,115518416,included,1
2024-12-08T21:51:13.268Z,736019,s10601053.md06@nycu.edu.tw,116294246,included,1
2024-12-08T21:52:01.333Z,736019,s10601053.md06@nycu.edu.tw,116294252,included,1
2024-12-08T21:52:23.554Z,736019,s10601053.md06@nycu.edu.tw,116294255,included,1
