created_at,user_id,user_email,article_id,key,value
2024-12-08T05:36:38.045Z,736019,s10601053.md06@nycu.edu.tw,115518320,included,1
2024-12-08T05:36:46.756Z,736019,s10601053.md06@nycu.edu.tw,115518325,included,1
2024-12-08T05:39:49.662Z,736019,s10601053.md06@nycu.edu.tw,115518326,included,-1
2024-12-08T05:39:58.692Z,736019,s10601053.md06@nycu.edu.tw,115518326,note-9385511,1
2024-12-08T05:40:19.143Z,736019,s10601053.md06@nycu.edu.tw,115518333,note-9385514,1
2024-12-08T05:40:24.012Z,736019,s10601053.md06@nycu.edu.tw,115518333,included,-1
2024-12-08T05:40:58.470Z,736019,s10601053.md06@nycu.edu.tw,115518338,note-9385515,1
2024-12-08T05:41:00.021Z,736019,s10601053.md06@nycu.edu.tw,115518338,included,-1
2024-12-08T05:41:09.298Z,736019,s10601053.md06@nycu.edu.tw,115518341,included,1
2024-12-08T05:41:17.013Z,736019,s10601053.md06@nycu.edu.tw,115518342,included,1
2024-12-08T05:42:23.932Z,736019,s10601053.md06@nycu.edu.tw,115518344,note-9385526,1
2024-12-08T05:42:25.490Z,736019,s10601053.md06@nycu.edu.tw,115518344,included,-1
2024-12-08T05:43:11.175Z,736019,s10601053.md06@nycu.edu.tw,115518345,"""No mention of estrogen""",1
2024-12-08T05:43:23.716Z,736019,s10601053.md06@nycu.edu.tw,115518345,included,-1
2024-12-08T05:44:05.557Z,736019,s10601053.md06@nycu.edu.tw,115518344,"""non-immune functions of estrogen""",1
2024-12-08T05:44:09.156Z,736019,s10601053.md06@nycu.edu.tw,115518344,included,-1
2024-12-08T05:44:21.099Z,736019,s10601053.md06@nycu.edu.tw,115518344,note-9385526,deleted
2024-12-08T05:44:33.186Z,736019,s10601053.md06@nycu.edu.tw,115518333,note-9385514,deleted
2024-12-08T05:44:37.263Z,736019,s10601053.md06@nycu.edu.tw,115518333,"""non-immune functions of estrogen""",1
2024-12-08T05:44:47.466Z,736019,s10601053.md06@nycu.edu.tw,115518326,note-9385511,deleted
2024-12-08T05:44:51.633Z,736019,s10601053.md06@nycu.edu.tw,115518326,"""No mention of estrogen""",1
2024-12-08T05:45:01.501Z,736019,s10601053.md06@nycu.edu.tw,115518338,"""No mention of estrogen""",1
2024-12-08T05:45:05.949Z,736019,s10601053.md06@nycu.edu.tw,115518338,note-9385515,deleted
2024-12-08T05:45:35.894Z,736019,s10601053.md06@nycu.edu.tw,115518350,"""non-immune functions of estrogen""",1
2024-12-08T05:45:37.875Z,736019,s10601053.md06@nycu.edu.tw,115518350,included,-1
2024-12-08T05:47:10.202Z,736019,s10601053.md06@nycu.edu.tw,115518352,"""No mention of estrogen""",1
2024-12-08T05:47:11.174Z,736019,s10601053.md06@nycu.edu.tw,115518352,included,-1
2024-12-08T05:47:32.886Z,736019,s10601053.md06@nycu.edu.tw,115518354,"""No mention of estrogen""",1
2024-12-08T05:47:33.951Z,736019,s10601053.md06@nycu.edu.tw,115518354,included,-1
2024-12-08T05:50:44.566Z,736019,s10601053.md06@nycu.edu.tw,115518355,included,1
2024-12-08T05:51:10.749Z,736019,s10601053.md06@nycu.edu.tw,115518356,"""non-immune functions of estrogen""",1
2024-12-08T05:51:12.595Z,736019,s10601053.md06@nycu.edu.tw,115518356,included,-1
2024-12-08T05:51:28.403Z,736019,s10601053.md06@nycu.edu.tw,115518360,"""non-immune functions of estrogen""",1
2024-12-08T05:51:29.439Z,736019,s10601053.md06@nycu.edu.tw,115518360,included,-1
2024-12-08T05:51:46.312Z,736019,s10601053.md06@nycu.edu.tw,115518362,"""No mention of estrogen""",1
2024-12-08T05:51:47.659Z,736019,s10601053.md06@nycu.edu.tw,115518362,included,-1
2024-12-08T05:52:00.320Z,736019,s10601053.md06@nycu.edu.tw,115518364,"""non-immune functions of estrogen""",1
2024-12-08T05:52:05.752Z,736019,s10601053.md06@nycu.edu.tw,115518364,included,-1
2024-12-08T05:52:41.039Z,736019,s10601053.md06@nycu.edu.tw,115518365,"""non-immune functions of estrogen""",1
2024-12-08T05:52:45.895Z,736019,s10601053.md06@nycu.edu.tw,115518365,included,-1
2024-12-08T05:53:05.091Z,736019,s10601053.md06@nycu.edu.tw,115518369,"""non-immune functions of estrogen""",1
2024-12-08T05:53:06.156Z,736019,s10601053.md06@nycu.edu.tw,115518369,included,-1
2024-12-08T05:53:28.292Z,736019,s10601053.md06@nycu.edu.tw,115518371,"""non-immune functions of estrogen""",1
2024-12-08T05:53:31.216Z,736019,s10601053.md06@nycu.edu.tw,115518371,included,-1
2024-12-08T05:53:38.991Z,736019,s10601053.md06@nycu.edu.tw,115518381,"""non-immune functions of estrogen""",1
2024-12-08T05:53:39.978Z,736019,s10601053.md06@nycu.edu.tw,115518381,included,-1
2024-12-08T05:53:47.604Z,736019,s10601053.md06@nycu.edu.tw,115518385,"""non-immune functions of estrogen""",1
2024-12-08T05:53:48.589Z,736019,s10601053.md06@nycu.edu.tw,115518385,included,-1
2024-12-08T05:54:05.985Z,736019,s10601053.md06@nycu.edu.tw,115518402,"""non-immune functions of estrogen""",1
2024-12-08T05:54:06.865Z,736019,s10601053.md06@nycu.edu.tw,115518402,included,-1
2024-12-08T05:54:16.532Z,736019,s10601053.md06@nycu.edu.tw,115518408,"""non-immune functions of estrogen""",1
2024-12-08T05:54:17.584Z,736019,s10601053.md06@nycu.edu.tw,115518408,included,-1
2024-12-08T05:54:29.001Z,736019,s10601053.md06@nycu.edu.tw,115518409,"""non-immune functions of estrogen""",1
2024-12-08T05:54:30.084Z,736019,s10601053.md06@nycu.edu.tw,115518409,included,-1
2024-12-08T05:54:37.416Z,736019,s10601053.md06@nycu.edu.tw,115518410,"""non-immune functions of estrogen""",1
2024-12-08T05:54:38.443Z,736019,s10601053.md06@nycu.edu.tw,115518410,included,-1
2024-12-08T05:54:50.262Z,736019,s10601053.md06@nycu.edu.tw,115518412,"""non-immune functions of estrogen""",1
2024-12-08T05:54:51.210Z,736019,s10601053.md06@nycu.edu.tw,115518412,included,-1
2024-12-08T05:55:10.955Z,736019,s10601053.md06@nycu.edu.tw,115518414,"""No mention of estrogen""",1
2024-12-08T05:55:13.059Z,736019,s10601053.md06@nycu.edu.tw,115518414,included,-1
2024-12-08T05:57:46.092Z,736019,s10601053.md06@nycu.edu.tw,115518416,included,1
2024-12-08T05:57:58.610Z,736019,s10601053.md06@nycu.edu.tw,115518417,"""non-immune functions of estrogen""",1
2024-12-08T05:58:00.793Z,736019,s10601053.md06@nycu.edu.tw,115518417,included,-1
2024-12-08T05:58:10.160Z,736019,s10601053.md06@nycu.edu.tw,115518418,"""non-immune functions of estrogen""",1
2024-12-08T05:58:11.163Z,736019,s10601053.md06@nycu.edu.tw,115518418,included,-1
2024-12-08T05:58:22.361Z,736019,s10601053.md06@nycu.edu.tw,115518420,"""non-immune functions of estrogen""",1
2024-12-08T05:58:23.385Z,736019,s10601053.md06@nycu.edu.tw,115518420,included,-1
2024-12-08T05:58:37.161Z,736019,s10601053.md06@nycu.edu.tw,115518454,"""No mention of estrogen""",1
2024-12-08T05:58:38.160Z,736019,s10601053.md06@nycu.edu.tw,115518454,included,-1
2024-12-08T05:58:47.403Z,736019,s10601053.md06@nycu.edu.tw,115518456,"""non-immune functions of estrogen""",1
2024-12-08T05:58:48.461Z,736019,s10601053.md06@nycu.edu.tw,115518456,included,-1
2024-12-08T05:59:07.131Z,736019,s10601053.md06@nycu.edu.tw,115518457,"""No mention of estrogen""",1
2024-12-08T05:59:09.825Z,736019,s10601053.md06@nycu.edu.tw,115518457,included,-1
2024-12-08T05:59:36.059Z,736019,s10601053.md06@nycu.edu.tw,115518458,"""No mention of estrogen""",1
2024-12-08T05:59:38.053Z,736019,s10601053.md06@nycu.edu.tw,115518458,included,-1
2024-12-08T05:59:50.994Z,736019,s10601053.md06@nycu.edu.tw,115518461,"""No mention of estrogen""",1
2024-12-08T05:59:52.908Z,736019,s10601053.md06@nycu.edu.tw,115518461,included,-1
2024-12-08T06:00:19.592Z,736019,s10601053.md06@nycu.edu.tw,115518462,"""No mention of estrogen""",1
2024-12-08T06:00:20.649Z,736019,s10601053.md06@nycu.edu.tw,115518462,included,-1
2024-12-08T06:00:35.263Z,736019,s10601053.md06@nycu.edu.tw,115518467,"""No mention of estrogen""",1
2024-12-08T06:00:36.264Z,736019,s10601053.md06@nycu.edu.tw,115518467,included,-1
2024-12-08T06:02:20.961Z,736019,s10601053.md06@nycu.edu.tw,115518433,"""No mention of estrogen""",1
2024-12-08T06:02:21.968Z,736019,s10601053.md06@nycu.edu.tw,115518433,included,-1
2024-12-08T06:10:28.061Z,736019,s10601053.md06@nycu.edu.tw,115518422,"""No mention of estrogen""",1
2024-12-08T06:11:03.372Z,736019,s10601053.md06@nycu.edu.tw,115518422,included,-1
2024-12-08T06:11:13.738Z,736019,s10601053.md06@nycu.edu.tw,115518426,"""non-immune functions of estrogen""",1
2024-12-08T06:11:14.785Z,736019,s10601053.md06@nycu.edu.tw,115518426,included,-1
2024-12-08T06:11:21.495Z,736019,s10601053.md06@nycu.edu.tw,115518427,"""non-immune functions of estrogen""",1
2024-12-08T06:11:22.510Z,736019,s10601053.md06@nycu.edu.tw,115518427,included,-1
2024-12-08T06:11:34.898Z,736019,s10601053.md06@nycu.edu.tw,115518431,"""non-immune functions of estrogen""",1
2024-12-08T06:11:36.684Z,736019,s10601053.md06@nycu.edu.tw,115518431,included,-1
2024-12-08T06:13:40.328Z,736019,s10601053.md06@nycu.edu.tw,115518432,"""non-immune functions of estrogen""",1
2024-12-08T06:13:41.379Z,736019,s10601053.md06@nycu.edu.tw,115518432,included,-1
2024-12-08T06:13:51.731Z,736019,s10601053.md06@nycu.edu.tw,115518434,"""non-immune functions of estrogen""",1
2024-12-08T06:13:52.587Z,736019,s10601053.md06@nycu.edu.tw,115518434,included,-1
2024-12-08T06:14:07.170Z,736019,s10601053.md06@nycu.edu.tw,115518443,"""non-immune functions of estrogen""",1
2024-12-08T06:14:08.173Z,736019,s10601053.md06@nycu.edu.tw,115518443,included,-1
2024-12-08T06:14:28.027Z,736019,s10601053.md06@nycu.edu.tw,115518444,"""No mention of estrogen""",1
2024-12-08T06:14:28.870Z,736019,s10601053.md06@nycu.edu.tw,115518444,included,-1
