key,title,year,month,day,journal,issn,volume,issue,pages,authors,url,language,publisher,location,abstract,notes,doi,keywords,pubmed_id,pmc_id
rayyan-115518326,The Microbiota-Bone-Allergy Interplay,2022,1,,INTERNATIONAL JOURNAL OF ENVIRONMENTAL RESEARCH AND PUBLIC HEALTH,1660-4601,19,1,,"Sirufo, MM and De Pietro, F and Catalogna, A and Ginaldi, L and De Martinis, M",,,,,,"RAYYAN-INCLUSION: {""Kuang-Ying""=>""Excluded""} | RAYYAN-LABELS: No mention of estrogen",10.3390/ijerph19010282,"",,
rayyan-115518333,Sex Hormones and Optic Nerve Disorders: A Review,2019,2,11,FRONTIERS IN NEUROSCIENCE,1662-453X,13,,,"Nuzzi, R and Scalabrin, S and Becco, A and Panzica, G",,,,,,"RAYYAN-INCLUSION: {""Kuang-Ying""=>""Excluded""} | RAYYAN-LABELS: non-immune functions of estrogen",10.3389/fnins.2019.00057,"",,
rayyan-115518338,Fall Risk and Related Factors in Systemic Lupus Erythematosus,2017,9,,ARCHIVES OF RHEUMATOLOGY,"[""2148-5046"", ""1309-0283""]",32,3,216-220,"Melikoglu, MA and Bagcier, F",,,,,,"RAYYAN-INCLUSION: {""Kuang-Ying""=>""Excluded""} | RAYYAN-LABELS: No mention of estrogen",10.5606/ArchRheumatol.2017.6079,"",,
rayyan-115518344,Development and validation of LC-ESI-MS/MS methods for quantification of 27 free and conjugated estrogen-related metabolites,2020,2,1,ANALYTICAL BIOCHEMISTRY,"[""0003-2697"", ""1096-0309""]",590,,,"van der Berg, C and Venter, G and van der Westhuizen, FH and Erasmus, E",,,,,,"RAYYAN-INCLUSION: {""Kuang-Ying""=>""Excluded""} | RAYYAN-LABELS: non-immune functions of estrogen",10.1016/j.ab.2019.113531,"",,
rayyan-115518345,Osteoimmunology: The Nexus between bone and immune system,2018,1,1,FRONTIERS IN BIOSCIENCE-LANDMARK,"[""2768-6701"", ""2768-6698""]",23,,464-492,"Dar, HY and Azam, Z and Anupam, R and Mondal, RK and Srivastava, RK",,,,,,"RAYYAN-INCLUSION: {""Kuang-Ying""=>""Excluded""} | RAYYAN-LABELS: No mention of estrogen",10.2741/4600,"",,
rayyan-115518350,Effect of short-term DHEA supplementation on serum and hippocampal estrogen concentrations in perimenopausal female rhesus macaques,2017,7,,NEUROBIOLOGY OF AGING,"[""0197-4580"", ""1558-1497""]",55,,172-174,"Urbanski, HF and Sorwell, KG and Prokai, L and Kohama, SG",,,,,,"RAYYAN-INCLUSION: {""Kuang-Ying""=>""Excluded""} | RAYYAN-LABELS: non-immune functions of estrogen",10.1016/j.neurobiolaging.2017.03.026,"",,
rayyan-115518352,A Novel Gene CDC27 Causes SLE and Is Associated With the Disease Activity,2022,3,28,FRONTIERS IN IMMUNOLOGY,1664-3224,13,,,"Shang, SL and Zhou, YN and Chen, K and Chen, L and Li, P and Li, DG and Cui, SY and Zhang, MJ and Chen, XM and Li, QG",,,,,,"RAYYAN-INCLUSION: {""Kuang-Ying""=>""Excluded""} | RAYYAN-LABELS: No mention of estrogen",10.3389/fimmu.2022.876963,"",,
rayyan-115518354,Effects of perinatal exposure to bisphenol A or S in EAE model of multiple sclerosis,2023,5,,CELL AND TISSUE RESEARCH,"[""0302-766X"", ""1432-0878""]",392,2,467-480,"Bonaldo, B and Casile, A and Montarolo, F and Bettarelli, M and Napoli, F and Gotti, S and Panzica, G and Marraudino, M",,,,,,"RAYYAN-INCLUSION: {""Kuang-Ying""=>""Excluded""} | RAYYAN-LABELS: No mention of estrogen",10.1007/s00441-023-03746-w,"",,
