created_at,user_id,user_email,article_id,key,value
2024-12-08T05:39:49.662Z,736019,s10601053.md06@nycu.edu.tw,115518326,included,-1
2024-12-08T05:39:58.692Z,736019,s10601053.md06@nycu.edu.tw,115518326,note-9385511,1
2024-12-08T05:40:19.143Z,736019,s10601053.md06@nycu.edu.tw,115518333,note-9385514,1
2024-12-08T05:40:24.012Z,736019,s10601053.md06@nycu.edu.tw,115518333,included,-1
2024-12-08T05:40:58.470Z,736019,s10601053.md06@nycu.edu.tw,115518338,note-9385515,1
2024-12-08T05:41:00.021Z,736019,s10601053.md06@nycu.edu.tw,115518338,included,-1
2024-12-08T05:42:23.932Z,736019,s10601053.md06@nycu.edu.tw,115518344,note-9385526,1
2024-12-08T05:42:25.490Z,736019,s10601053.md06@nycu.edu.tw,115518344,included,-1
2024-12-08T05:43:11.175Z,736019,s10601053.md06@nycu.edu.tw,115518345,"""No mention of estrogen""",1
2024-12-08T05:43:23.716Z,736019,s10601053.md06@nycu.edu.tw,115518345,included,-1
2024-12-08T05:44:05.557Z,736019,s10601053.md06@nycu.edu.tw,115518344,"""non-immune functions of estrogen""",1
2024-12-08T05:44:09.156Z,736019,s10601053.md06@nycu.edu.tw,115518344,included,-1
2024-12-08T05:44:21.099Z,736019,s10601053.md06@nycu.edu.tw,115518344,note-9385526,deleted
2024-12-08T05:44:33.186Z,736019,s10601053.md06@nycu.edu.tw,115518333,note-9385514,deleted
2024-12-08T05:44:37.263Z,736019,s10601053.md06@nycu.edu.tw,115518333,"""non-immune functions of estrogen""",1
2024-12-08T05:44:47.466Z,736019,s10601053.md06@nycu.edu.tw,115518326,note-9385511,deleted
2024-12-08T05:44:51.633Z,736019,s10601053.md06@nycu.edu.tw,115518326,"""No mention of estrogen""",1
2024-12-08T05:45:01.501Z,736019,s10601053.md06@nycu.edu.tw,115518338,"""No mention of estrogen""",1
2024-12-08T05:45:05.949Z,736019,s10601053.md06@nycu.edu.tw,115518338,note-9385515,deleted
2024-12-08T05:45:35.894Z,736019,s10601053.md06@nycu.edu.tw,115518350,"""non-immune functions of estrogen""",1
2024-12-08T05:45:37.875Z,736019,s10601053.md06@nycu.edu.tw,115518350,included,-1
2024-12-08T05:47:10.202Z,736019,s10601053.md06@nycu.edu.tw,115518352,"""No mention of estrogen""",1
2024-12-08T05:47:11.174Z,736019,s10601053.md06@nycu.edu.tw,115518352,included,-1
2024-12-08T05:47:32.886Z,736019,s10601053.md06@nycu.edu.tw,115518354,"""No mention of estrogen""",1
2024-12-08T05:47:33.951Z,736019,s10601053.md06@nycu.edu.tw,115518354,included,-1
