created_at,user_id,user_email,article_id,key,value
2024-12-08T05:39:49.662Z,736019,s10601053.md06@nycu.edu.tw,115518326,included,-1
2024-12-08T05:39:58.692Z,736019,s10601053.md06@nycu.edu.tw,115518326,note-9385511,1
2024-12-08T05:40:19.143Z,736019,s10601053.md06@nycu.edu.tw,115518333,note-9385514,1
2024-12-08T05:40:24.012Z,736019,s10601053.md06@nycu.edu.tw,115518333,included,-1
2024-12-08T05:40:58.470Z,736019,s10601053.md06@nycu.edu.tw,115518338,note-9385515,1
2024-12-08T05:41:00.021Z,736019,s10601053.md06@nycu.edu.tw,115518338,included,-1
2024-12-08T05:42:23.932Z,736019,s10601053.md06@nycu.edu.tw,115518344,note-9385526,1
2024-12-08T05:42:25.490Z,736019,s10601053.md06@nycu.edu.tw,115518344,included,-1
2024-12-08T05:43:11.175Z,736019,s10601053.md06@nycu.edu.tw,115518345,"""No mention of estrogen""",1
2024-12-08T05:43:23.716Z,736019,s10601053.md06@nycu.edu.tw,115518345,included,-1
2024-12-08T05:44:05.557Z,736019,s10601053.md06@nycu.edu.tw,115518344,"""non-immune functions of estrogen""",1
2024-12-08T05:44:09.156Z,736019,s10601053.md06@nycu.edu.tw,115518344,included,-1
2024-12-08T05:44:21.099Z,736019,s10601053.md06@nycu.edu.tw,115518344,note-9385526,deleted
2024-12-08T05:44:33.186Z,736019,s10601053.md06@nycu.edu.tw,115518333,note-9385514,deleted
2024-12-08T05:44:37.263Z,736019,s10601053.md06@nycu.edu.tw,115518333,"""non-immune functions of estrogen""",1
2024-12-08T05:44:47.466Z,736019,s10601053.md06@nycu.edu.tw,115518326,note-9385511,deleted
2024-12-08T05:44:51.633Z,736019,s10601053.md06@nycu.edu.tw,115518326,"""No mention of estrogen""",1
2024-12-08T05:45:01.501Z,736019,s10601053.md06@nycu.edu.tw,115518338,"""No mention of estrogen""",1
2024-12-08T05:45:05.949Z,736019,s10601053.md06@nycu.edu.tw,115518338,note-9385515,deleted
2024-12-08T05:45:35.894Z,736019,s10601053.md06@nycu.edu.tw,115518350,"""non-immune functions of estrogen""",1
2024-12-08T05:45:37.875Z,736019,s10601053.md06@nycu.edu.tw,115518350,included,-1
2024-12-08T05:47:10.202Z,736019,s10601053.md06@nycu.edu.tw,115518352,"""No mention of estrogen""",1
2024-12-08T05:47:11.174Z,736019,s10601053.md06@nycu.edu.tw,115518352,included,-1
2024-12-08T05:47:32.886Z,736019,s10601053.md06@nycu.edu.tw,115518354,"""No mention of estrogen""",1
2024-12-08T05:47:33.951Z,736019,s10601053.md06@nycu.edu.tw,115518354,included,-1
2024-12-08T05:51:10.749Z,736019,s10601053.md06@nycu.edu.tw,115518356,"""non-immune functions of estrogen""",1
2024-12-08T05:51:12.595Z,736019,s10601053.md06@nycu.edu.tw,115518356,included,-1
2024-12-08T05:51:28.403Z,736019,s10601053.md06@nycu.edu.tw,115518360,"""non-immune functions of estrogen""",1
2024-12-08T05:51:29.439Z,736019,s10601053.md06@nycu.edu.tw,115518360,included,-1
2024-12-08T05:51:46.312Z,736019,s10601053.md06@nycu.edu.tw,115518362,"""No mention of estrogen""",1
2024-12-08T05:51:47.659Z,736019,s10601053.md06@nycu.edu.tw,115518362,included,-1
2024-12-08T05:52:00.320Z,736019,s10601053.md06@nycu.edu.tw,115518364,"""non-immune functions of estrogen""",1
2024-12-08T05:52:05.752Z,736019,s10601053.md06@nycu.edu.tw,115518364,included,-1
2024-12-08T05:52:41.039Z,736019,s10601053.md06@nycu.edu.tw,115518365,"""non-immune functions of estrogen""",1
2024-12-08T05:52:45.895Z,736019,s10601053.md06@nycu.edu.tw,115518365,included,-1
2024-12-08T05:53:05.091Z,736019,s10601053.md06@nycu.edu.tw,115518369,"""non-immune functions of estrogen""",1
2024-12-08T05:53:06.156Z,736019,s10601053.md06@nycu.edu.tw,115518369,included,-1
2024-12-08T05:53:28.292Z,736019,s10601053.md06@nycu.edu.tw,115518371,"""non-immune functions of estrogen""",1
2024-12-08T05:53:31.216Z,736019,s10601053.md06@nycu.edu.tw,115518371,included,-1
2024-12-08T05:53:38.991Z,736019,s10601053.md06@nycu.edu.tw,115518381,"""non-immune functions of estrogen""",1
2024-12-08T05:53:39.978Z,736019,s10601053.md06@nycu.edu.tw,115518381,included,-1
2024-12-08T05:53:47.604Z,736019,s10601053.md06@nycu.edu.tw,115518385,"""non-immune functions of estrogen""",1
2024-12-08T05:53:48.589Z,736019,s10601053.md06@nycu.edu.tw,115518385,included,-1
2024-12-08T05:54:05.985Z,736019,s10601053.md06@nycu.edu.tw,115518402,"""non-immune functions of estrogen""",1
2024-12-08T05:54:06.865Z,736019,s10601053.md06@nycu.edu.tw,115518402,included,-1
2024-12-08T05:54:16.532Z,736019,s10601053.md06@nycu.edu.tw,115518408,"""non-immune functions of estrogen""",1
2024-12-08T05:54:17.584Z,736019,s10601053.md06@nycu.edu.tw,115518408,included,-1
2024-12-08T05:54:29.001Z,736019,s10601053.md06@nycu.edu.tw,115518409,"""non-immune functions of estrogen""",1
2024-12-08T05:54:30.084Z,736019,s10601053.md06@nycu.edu.tw,115518409,included,-1
2024-12-08T05:54:37.416Z,736019,s10601053.md06@nycu.edu.tw,115518410,"""non-immune functions of estrogen""",1
2024-12-08T05:54:38.443Z,736019,s10601053.md06@nycu.edu.tw,115518410,included,-1
2024-12-08T05:54:50.262Z,736019,s10601053.md06@nycu.edu.tw,115518412,"""non-immune functions of estrogen""",1
2024-12-08T05:54:51.210Z,736019,s10601053.md06@nycu.edu.tw,115518412,included,-1
2024-12-08T05:55:10.955Z,736019,s10601053.md06@nycu.edu.tw,115518414,"""No mention of estrogen""",1
2024-12-08T05:55:13.059Z,736019,s10601053.md06@nycu.edu.tw,115518414,included,-1
2024-12-08T05:57:58.610Z,736019,s10601053.md06@nycu.edu.tw,115518417,"""non-immune functions of estrogen""",1
2024-12-08T05:58:00.793Z,736019,s10601053.md06@nycu.edu.tw,115518417,included,-1
2024-12-08T05:58:10.160Z,736019,s10601053.md06@nycu.edu.tw,115518418,"""non-immune functions of estrogen""",1
2024-12-08T05:58:11.163Z,736019,s10601053.md06@nycu.edu.tw,115518418,included,-1
2024-12-08T05:58:22.361Z,736019,s10601053.md06@nycu.edu.tw,115518420,"""non-immune functions of estrogen""",1
2024-12-08T05:58:23.385Z,736019,s10601053.md06@nycu.edu.tw,115518420,included,-1
2024-12-08T05:58:37.161Z,736019,s10601053.md06@nycu.edu.tw,115518454,"""No mention of estrogen""",1
2024-12-08T05:58:38.160Z,736019,s10601053.md06@nycu.edu.tw,115518454,included,-1
2024-12-08T05:58:47.403Z,736019,s10601053.md06@nycu.edu.tw,115518456,"""non-immune functions of estrogen""",1
2024-12-08T05:58:48.461Z,736019,s10601053.md06@nycu.edu.tw,115518456,included,-1
2024-12-08T05:59:07.131Z,736019,s10601053.md06@nycu.edu.tw,115518457,"""No mention of estrogen""",1
2024-12-08T05:59:09.825Z,736019,s10601053.md06@nycu.edu.tw,115518457,included,-1
2024-12-08T05:59:36.059Z,736019,s10601053.md06@nycu.edu.tw,115518458,"""No mention of estrogen""",1
2024-12-08T05:59:38.053Z,736019,s10601053.md06@nycu.edu.tw,115518458,included,-1
2024-12-08T05:59:50.994Z,736019,s10601053.md06@nycu.edu.tw,115518461,"""No mention of estrogen""",1
2024-12-08T05:59:52.908Z,736019,s10601053.md06@nycu.edu.tw,115518461,included,-1
2024-12-08T06:00:19.592Z,736019,s10601053.md06@nycu.edu.tw,115518462,"""No mention of estrogen""",1
2024-12-08T06:00:20.649Z,736019,s10601053.md06@nycu.edu.tw,115518462,included,-1
2024-12-08T06:00:35.263Z,736019,s10601053.md06@nycu.edu.tw,115518467,"""No mention of estrogen""",1
2024-12-08T06:00:36.264Z,736019,s10601053.md06@nycu.edu.tw,115518467,included,-1
2024-12-08T06:02:20.961Z,736019,s10601053.md06@nycu.edu.tw,115518433,"""No mention of estrogen""",1
2024-12-08T06:02:21.968Z,736019,s10601053.md06@nycu.edu.tw,115518433,included,-1
2024-12-08T06:10:28.061Z,736019,s10601053.md06@nycu.edu.tw,115518422,"""No mention of estrogen""",1
2024-12-08T06:11:03.372Z,736019,s10601053.md06@nycu.edu.tw,115518422,included,-1
2024-12-08T06:11:13.738Z,736019,s10601053.md06@nycu.edu.tw,115518426,"""non-immune functions of estrogen""",1
2024-12-08T06:11:14.785Z,736019,s10601053.md06@nycu.edu.tw,115518426,included,-1
2024-12-08T06:11:21.495Z,736019,s10601053.md06@nycu.edu.tw,115518427,"""non-immune functions of estrogen""",1
2024-12-08T06:11:22.510Z,736019,s10601053.md06@nycu.edu.tw,115518427,included,-1
2024-12-08T06:11:34.898Z,736019,s10601053.md06@nycu.edu.tw,115518431,"""non-immune functions of estrogen""",1
2024-12-08T06:11:36.684Z,736019,s10601053.md06@nycu.edu.tw,115518431,included,-1
2024-12-08T06:13:40.328Z,736019,s10601053.md06@nycu.edu.tw,115518432,"""non-immune functions of estrogen""",1
2024-12-08T06:13:41.379Z,736019,s10601053.md06@nycu.edu.tw,115518432,included,-1
2024-12-08T06:13:51.731Z,736019,s10601053.md06@nycu.edu.tw,115518434,"""non-immune functions of estrogen""",1
2024-12-08T06:13:52.587Z,736019,s10601053.md06@nycu.edu.tw,115518434,included,-1
2024-12-08T06:14:07.170Z,736019,s10601053.md06@nycu.edu.tw,115518443,"""non-immune functions of estrogen""",1
2024-12-08T06:14:08.173Z,736019,s10601053.md06@nycu.edu.tw,115518443,included,-1
2024-12-08T06:14:28.027Z,736019,s10601053.md06@nycu.edu.tw,115518444,"""No mention of estrogen""",1
2024-12-08T06:14:28.870Z,736019,s10601053.md06@nycu.edu.tw,115518444,included,-1
2024-12-08T19:51:25.515Z,736019,s10601053.md06@nycu.edu.tw,115518445,"""No mention of estrogen""",1
2024-12-08T19:51:27.542Z,736019,s10601053.md06@nycu.edu.tw,115518445,included,-1
2024-12-08T19:51:40.618Z,736019,s10601053.md06@nycu.edu.tw,115518448,"""non-immune functions of estrogen""",1
2024-12-08T19:51:46.091Z,736019,s10601053.md06@nycu.edu.tw,115518448,included,-1
2024-12-08T19:52:35.386Z,736019,s10601053.md06@nycu.edu.tw,115518449,"""No mention of estrogen""",1
2024-12-08T19:52:37.254Z,736019,s10601053.md06@nycu.edu.tw,115518449,included,-1
2024-12-08T19:53:22.780Z,736019,s10601053.md06@nycu.edu.tw,115518450,"""non-immune functions of estrogen""",1
2024-12-08T19:53:22.803Z,736019,s10601053.md06@nycu.edu.tw,115518450,"""No mention of estrogen""",deleted
2024-12-08T19:53:23.932Z,736019,s10601053.md06@nycu.edu.tw,115518450,included,-1
2024-12-08T19:53:33.019Z,736019,s10601053.md06@nycu.edu.tw,115518451,"""non-immune functions of estrogen""",1
2024-12-08T19:53:34.258Z,736019,s10601053.md06@nycu.edu.tw,115518451,included,-1
2024-12-08T19:54:17.983Z,736019,s10601053.md06@nycu.edu.tw,115518453,"""non-immune functions of estrogen""",1
2024-12-08T19:54:19.184Z,736019,s10601053.md06@nycu.edu.tw,115518453,included,-1
2024-12-08T20:51:38.502Z,736019,s10601053.md06@nycu.edu.tw,115518468,"""non-immune functions of estrogen""",1
2024-12-08T20:51:38.550Z,736019,s10601053.md06@nycu.edu.tw,115518468,"""No mention of estrogen""",deleted
2024-12-08T20:51:43.366Z,736019,s10601053.md06@nycu.edu.tw,115518468,included,-1
2024-12-08T21:03:22.277Z,736019,s10601053.md06@nycu.edu.tw,115518470,"""non-immune functions of estrogen""",1
2024-12-08T21:03:22.820Z,736019,s10601053.md06@nycu.edu.tw,115518470,included,-1
2024-12-08T21:04:32.639Z,736019,s10601053.md06@nycu.edu.tw,115518472,"""No mention of estrogen""",1
2024-12-08T21:04:33.769Z,736019,s10601053.md06@nycu.edu.tw,115518472,included,-1
2024-12-08T21:34:02.906Z,736019,s10601053.md06@nycu.edu.tw,115518221,"""non-immune functions of estrogen""",1
2024-12-08T21:34:11.631Z,736019,s10601053.md06@nycu.edu.tw,115518221,included,-1
2024-12-08T21:34:26.490Z,736019,s10601053.md06@nycu.edu.tw,115518223,"""No mention of estrogen""",1
2024-12-08T21:34:34.591Z,736019,s10601053.md06@nycu.edu.tw,115518223,included,-1
2024-12-08T21:34:41.082Z,736019,s10601053.md06@nycu.edu.tw,115518224,"""No mention of estrogen""",1
2024-12-08T21:34:42.101Z,736019,s10601053.md06@nycu.edu.tw,115518224,included,-1
2024-12-08T21:51:24.699Z,736019,s10601053.md06@nycu.edu.tw,116294249,"""non-immune functions of estrogen""",1
2024-12-08T21:51:29.639Z,736019,s10601053.md06@nycu.edu.tw,116294249,included,-1
2024-12-08T21:51:45.247Z,736019,s10601053.md06@nycu.edu.tw,116294250,"""non-immune functions of estrogen""",1
2024-12-08T21:51:47.641Z,736019,s10601053.md06@nycu.edu.tw,116294250,included,-1
2024-12-08T21:52:10.357Z,736019,s10601053.md06@nycu.edu.tw,116294253,"""non-immune functions of estrogen""",1
2024-12-08T21:52:13.054Z,736019,s10601053.md06@nycu.edu.tw,116294253,included,-1
2024-12-08T21:52:42.299Z,736019,s10601053.md06@nycu.edu.tw,116294259,"""non-immune functions of estrogen""",1
2024-12-08T21:53:58.629Z,736019,s10601053.md06@nycu.edu.tw,116294259,included,-1
2024-12-08T21:54:09.586Z,736019,s10601053.md06@nycu.edu.tw,116294260,"""non-immune functions of estrogen""",1
2024-12-08T21:54:58.453Z,736019,s10601053.md06@nycu.edu.tw,116294260,included,-1
2024-12-08T21:55:13.131Z,736019,s10601053.md06@nycu.edu.tw,116294261,"""non-immune functions of estrogen""",1
2024-12-08T21:55:14.753Z,736019,s10601053.md06@nycu.edu.tw,116294261,included,-1
2024-12-08T21:55:21.877Z,736019,s10601053.md06@nycu.edu.tw,116294262,"""non-immune functions of estrogen""",1
2024-12-08T21:55:24.269Z,736019,s10601053.md06@nycu.edu.tw,116294262,included,-1
2024-12-08T21:55:40.373Z,736019,s10601053.md06@nycu.edu.tw,116294263,"""non-immune functions of estrogen""",1
2024-12-08T21:55:42.103Z,736019,s10601053.md06@nycu.edu.tw,116294263,included,-1
2024-12-08T21:55:56.620Z,736019,s10601053.md06@nycu.edu.tw,116294265,"""non-immune functions of estrogen""",1
2024-12-08T21:56:02.197Z,736019,s10601053.md06@nycu.edu.tw,116294265,included,-1
2024-12-08T21:56:22.999Z,736019,s10601053.md06@nycu.edu.tw,116294266,"""non-immune functions of estrogen""",1
2024-12-08T21:56:25.179Z,736019,s10601053.md06@nycu.edu.tw,116294266,included,-1
2024-12-08T21:56:39.176Z,736019,s10601053.md06@nycu.edu.tw,116294268,"""No mention of estrogen""",1
2024-12-08T21:56:41.781Z,736019,s10601053.md06@nycu.edu.tw,116294268,included,-1
2024-12-08T21:57:44.861Z,736019,s10601053.md06@nycu.edu.tw,116294270,"""non-immune functions of estrogen""",1
2024-12-08T21:57:46.129Z,736019,s10601053.md06@nycu.edu.tw,116294270,included,-1
2024-12-08T21:57:55.019Z,736019,s10601053.md06@nycu.edu.tw,116294272,"""non-immune functions of estrogen""",1
2024-12-08T21:57:57.470Z,736019,s10601053.md06@nycu.edu.tw,116294272,included,-1
2024-12-08T21:58:13.794Z,736019,s10601053.md06@nycu.edu.tw,116294278,"""non-immune functions of estrogen""",1
2024-12-08T21:58:21.004Z,736019,s10601053.md06@nycu.edu.tw,116294278,included,-1
2024-12-08T21:58:27.689Z,736019,s10601053.md06@nycu.edu.tw,116294282,"""non-immune functions of estrogen""",1
2024-12-08T21:58:29.117Z,736019,s10601053.md06@nycu.edu.tw,116294282,included,-1
2024-12-08T21:58:40.784Z,736019,s10601053.md06@nycu.edu.tw,116294283,"""non-immune functions of estrogen""",1
2024-12-08T21:58:43.711Z,736019,s10601053.md06@nycu.edu.tw,116294283,included,-1
2024-12-08T21:58:58.433Z,736019,s10601053.md06@nycu.edu.tw,116294284,"""non-immune functions of estrogen""",1
2024-12-08T21:59:00.898Z,736019,s10601053.md06@nycu.edu.tw,116294284,included,-1
2024-12-08T21:59:10.507Z,736019,s10601053.md06@nycu.edu.tw,116294319,"""No mention of estrogen""",1
2024-12-08T21:59:12.055Z,736019,s10601053.md06@nycu.edu.tw,116294319,included,-1
2024-12-08T21:59:34.458Z,736019,s10601053.md06@nycu.edu.tw,116294320,"""No mention of estrogen""",1
2024-12-08T21:59:36.960Z,736019,s10601053.md06@nycu.edu.tw,116294320,included,-1
2024-12-08T21:59:47.288Z,736019,s10601053.md06@nycu.edu.tw,116294321,"""non-immune functions of estrogen""",1
2024-12-08T21:59:56.415Z,736019,s10601053.md06@nycu.edu.tw,116294321,included,-1
2024-12-08T22:06:58.428Z,736019,s10601053.md06@nycu.edu.tw,116294322,"""No mention of estrogen""",1
2024-12-08T22:06:59.714Z,736019,s10601053.md06@nycu.edu.tw,116294322,included,-1
2024-12-08T22:07:12.726Z,736019,s10601053.md06@nycu.edu.tw,116294323,"""No mention of estrogen""",1
2024-12-08T22:07:13.904Z,736019,s10601053.md06@nycu.edu.tw,116294323,included,-1
2024-12-08T22:08:23.215Z,736019,s10601053.md06@nycu.edu.tw,116294288,"""No mention of estrogen""",1
2024-12-08T22:08:23.225Z,736019,s10601053.md06@nycu.edu.tw,116294288,"""non-immune functions of estrogen""",deleted
2024-12-08T22:08:25.858Z,736019,s10601053.md06@nycu.edu.tw,116294288,included,-1
2024-12-08T22:08:43.905Z,736019,s10601053.md06@nycu.edu.tw,116294291,"""non-immune functions of estrogen""",1
2024-12-08T22:08:45.616Z,736019,s10601053.md06@nycu.edu.tw,116294291,included,-1
2024-12-08T22:09:04.669Z,736019,s10601053.md06@nycu.edu.tw,116294293,"""non-immune functions of estrogen""",1
2024-12-08T22:09:05.866Z,736019,s10601053.md06@nycu.edu.tw,116294293,included,-1
2024-12-08T22:09:16.083Z,736019,s10601053.md06@nycu.edu.tw,116294295,"""non-immune functions of estrogen""",1
2024-12-08T22:09:17.342Z,736019,s10601053.md06@nycu.edu.tw,116294295,included,-1
2024-12-08T22:09:28.071Z,736019,s10601053.md06@nycu.edu.tw,116294299,"""non-immune functions of estrogen""",1
2024-12-08T22:09:36.557Z,736019,s10601053.md06@nycu.edu.tw,116294299,included,-1
2024-12-08T22:09:55.355Z,736019,s10601053.md06@nycu.edu.tw,116294300,"""non-immune functions of estrogen""",1
2024-12-08T22:09:56.874Z,736019,s10601053.md06@nycu.edu.tw,116294300,included,-1
2024-12-08T22:10:06.033Z,736019,s10601053.md06@nycu.edu.tw,116294301,"""No mention of estrogen""",1
2024-12-08T22:10:07.655Z,736019,s10601053.md06@nycu.edu.tw,116294301,included,-1
2024-12-08T22:10:15.940Z,736019,s10601053.md06@nycu.edu.tw,116294305,"""non-immune functions of estrogen""",1
2024-12-08T22:10:17.256Z,736019,s10601053.md06@nycu.edu.tw,116294305,included,-1
2024-12-08T22:10:28.141Z,736019,s10601053.md06@nycu.edu.tw,116294306,"""non-immune functions of estrogen""",1
2024-12-08T22:10:29.289Z,736019,s10601053.md06@nycu.edu.tw,116294306,included,-1
2024-12-08T22:10:55.932Z,736019,s10601053.md06@nycu.edu.tw,116294307,"""No mention of estrogen""",1
2024-12-08T22:10:57.142Z,736019,s10601053.md06@nycu.edu.tw,116294307,included,-1
2024-12-08T22:11:06.397Z,736019,s10601053.md06@nycu.edu.tw,116294309,"""non-immune functions of estrogen""",1
2024-12-08T22:11:14.966Z,736019,s10601053.md06@nycu.edu.tw,116294309,included,-1
2024-12-08T22:11:21.598Z,736019,s10601053.md06@nycu.edu.tw,116294310,"""No mention of estrogen""",1
2024-12-08T22:11:23.050Z,736019,s10601053.md06@nycu.edu.tw,116294310,included,-1
2024-12-08T22:11:47.388Z,736019,s10601053.md06@nycu.edu.tw,116294312,"""non-immune functions of estrogen""",1
2024-12-08T22:11:49.122Z,736019,s10601053.md06@nycu.edu.tw,116294312,included,-1
2024-12-08T22:12:04.050Z,736019,s10601053.md06@nycu.edu.tw,116294314,"""non-immune functions of estrogen""",1
2024-12-08T22:12:05.390Z,736019,s10601053.md06@nycu.edu.tw,116294314,included,-1
2024-12-08T22:12:34.509Z,736019,s10601053.md06@nycu.edu.tw,116294318,"""No mention of estrogen""",1
2024-12-08T22:12:36.354Z,736019,s10601053.md06@nycu.edu.tw,116294318,included,-1
